timestamp,internal_latency_total,latency_processing
1753302604.9257185,0.01114964485168457,0.007329702377319336
1753302605.2467597,0.00929570198059082,0.006414890289306641
1753302605.5320141,0.013149738311767578,0.00960087776184082
1753302605.7927752,0.010872602462768555,0.0076618194580078125
1753302606.0596633,0.014938116073608398,0.010483980178833008
1753302606.353348,0.011392354965209961,0.007448434829711914
1753302606.7464774,0.012749910354614258,0.0075457096099853516
1753302607.152336,0.009155988693237305,0.004595518112182617
1753302607.5542307,0.012818574905395508,0.011786460876464844
1753302607.9272335,0.010933637619018555,0.006061553955078125
1753302608.2975597,0.010367631912231445,0.007291316986083984
1753302608.6731536,0.006725788116455078,0.005307674407958984
1753302609.0701938,0.0096435546875,0.006385087966918945
1753302609.5446255,0.009252071380615234,0.004873991012573242
1753302610.0697215,0.013744115829467773,0.009531021118164062
1753302610.608797,0.0062274932861328125,0.004142284393310547
1753302611.176319,0.010076522827148438,0.007074832916259766
1753302611.7158632,0.0068454742431640625,0.00522160530090332
1753302612.24486,0.007567405700683594,0.0044307708740234375
1753302612.7570155,0.00985097885131836,0.008501052856445312
1753302613.318964,0.016417503356933594,0.012545585632324219
1753302613.993216,0.008491277694702148,0.004594564437866211
1753302614.3898776,0.007391214370727539,0.00451970100402832
1753302614.799785,0.009275436401367188,0.0066149234771728516
1753302615.2181785,0.010690450668334961,0.007819652557373047
1753302615.6313443,0.013451814651489258,0.010184288024902344
1753302616.0855646,0.009611129760742188,0.006388187408447266
1753302616.5415514,0.013581991195678711,0.006722688674926758
1753302616.984252,0.016438961029052734,0.011905193328857422
1753302617.4023898,0.010783195495605469,0.0069391727447509766
1753302617.8275356,0.018636226654052734,0.012904882431030273
1753302618.2824054,0.010843753814697266,0.008687973022460938
1753302618.7317927,0.009783267974853516,0.006889820098876953
1753302619.1899517,0.012101411819458008,0.006770610809326172
1753302619.6479127,0.009255170822143555,0.006634950637817383
1753302620.0965364,0.01437830924987793,0.010346651077270508
1753302620.5199115,0.015006780624389648,0.012085437774658203
1753302620.9294434,0.013506889343261719,0.009715557098388672
1753302621.3449504,0.009945392608642578,0.006883382797241211
1753302621.7462425,0.014816999435424805,0.01150059700012207
1753302622.1552477,0.012829065322875977,0.010448455810546875
1753302622.551501,0.011252403259277344,0.008219480514526367
1753302622.98129,0.007275819778442383,0.0044994354248046875
1753302623.409485,0.01050710678100586,0.008008003234863281
1753302623.8617213,0.011663675308227539,0.009470701217651367
1753302624.247833,0.008946657180786133,0.005942821502685547
1753302624.600428,0.007141828536987305,0.0058441162109375
1753302624.980356,0.00900125503540039,0.006151676177978516
1753302625.356064,0.012517690658569336,0.00840306282043457
1753302625.7846508,0.015522956848144531,0.0077855587005615234
1753302626.2470205,0.011161327362060547,0.008044242858886719
1753302626.7320495,0.014054536819458008,0.01024770736694336
1753302627.1300747,0.00956106185913086,0.006028890609741211
1753302627.5926259,0.010479927062988281,0.007920265197753906
1753302628.006115,0.009954214096069336,0.006279468536376953
1753302628.4319515,0.009369611740112305,0.006579875946044922
1753302628.8357716,0.018023014068603516,0.005956888198852539
1753302629.2554786,0.013590097427368164,0.010177373886108398
1753302629.621306,0.014106988906860352,0.00994729995727539
1753302630.0303836,0.009354591369628906,0.005822420120239258
1753302828.7739897,0.007681608200073242,0.00421452522277832
1753302865.322004,0.007900476455688477,0.004292488098144531
1753302875.337355,0.007198333740234375,0.004381656646728516
1753302875.836606,0.010178804397583008,0.0056955814361572266
1753302877.4726968,0.009096384048461914,0.006232738494873047
1753302881.9557512,0.008693456649780273,0.005177021026611328
1753302899.519478,0.010015249252319336,0.005808115005493164
1753302899.5829308,0.010315418243408203,0.006640911102294922
1753302899.9128416,0.009507179260253906,0.005766868591308594
1753302900.35065,0.006613969802856445,0.0032095909118652344
1753302900.7068892,0.0076711177825927734,0.004172325134277344
1753302901.0404425,0.0076258182525634766,0.0037119388580322266
1753302901.4726686,0.006060600280761719,0.003635406494140625
1753302901.8277388,0.005927085876464844,0.0035467147827148438
1753302902.2023377,0.007695198059082031,0.003947257995605469
1753302902.608205,0.007970571517944336,0.0036551952362060547
1753302902.9845448,0.007502317428588867,0.0037391185760498047
1753302903.3450477,0.005750417709350586,0.003825664520263672
1753302903.6976757,0.007769107818603516,0.0038793087005615234
1753302903.998262,0.005891323089599609,0.0029604434967041016
1753302904.3515673,0.005816221237182617,0.0028760433197021484
1753302904.687666,0.008079290390014648,0.004919290542602539
1753302905.0069888,0.011536598205566406,0.00778651237487793
1753302905.3146558,0.008634805679321289,0.0057947635650634766
1753302905.6444826,0.00944066047668457,0.005895137786865234
1753302905.9439888,0.009027242660522461,0.005699872970581055
1753302906.265935,0.010155439376831055,0.00595545768737793
1753302906.8063362,0.00934147834777832,0.00564885139465332
1753302907.229869,0.009208440780639648,0.0050201416015625
1753302907.6647406,0.009826421737670898,0.005945920944213867
1753302908.1098413,0.007486581802368164,0.00418543815612793
1753302908.5305464,0.006163120269775391,0.004095554351806641
1753302908.9687066,0.008865594863891602,0.005923032760620117
1753302909.7272685,0.009540081024169922,0.006103515625
1753302910.6886153,0.009345293045043945,0.005794048309326172
1753302912.6688135,0.010017156600952148,0.005729198455810547
1753302913.5546536,0.00899195671081543,0.005804538726806641
1753302914.1173747,0.009493827819824219,0.006100177764892578
1753302914.5891929,0.008848428726196289,0.005059003829956055
1753302915.0429494,0.007970094680786133,0.004349708557128906
1753302915.4918559,0.00851130485534668,0.005858421325683594
1753302915.872617,0.009697198867797852,0.005856752395629883
1753302916.2083695,0.008051633834838867,0.0042724609375
1753302916.5172358,0.010692596435546875,0.0066127777099609375
1753302917.1725252,0.0073239803314208984,0.00403285026550293
1753302917.7663121,0.006182193756103516,0.0035436153411865234
1753302918.6924694,0.007764101028442383,0.003885030746459961
1753302919.2066102,0.00568389892578125,0.002763986587524414
1753302919.7961895,0.006242275238037109,0.0035223960876464844
1753302920.261711,0.0058095455169677734,0.0028197765350341797
1753302928.1793938,0.009157896041870117,0.005968809127807617
1753302928.8178225,0.009383916854858398,0.005459785461425781
1753302929.3522763,0.0058460235595703125,0.0039408206939697266
1753302929.8306127,0.008214235305786133,0.006191253662109375
1753302930.3741674,0.006348848342895508,0.0041463375091552734
1753302930.8800247,0.006372690200805664,0.004302978515625
1753302931.3999448,0.009107589721679688,0.005843162536621094
1753302931.9704397,0.011032581329345703,0.007720947265625
1753302932.5233204,0.008057594299316406,0.004305839538574219
1753302933.0138514,0.007918119430541992,0.0043201446533203125
1753302933.69389,0.006838798522949219,0.004444599151611328
1753302949.2503836,0.00812387466430664,0.004613161087036133
1753302949.5558846,0.0090179443359375,0.005807161331176758
1753302960.1709564,0.00957489013671875,0.00591731071472168
1753302960.685825,0.009562253952026367,0.005702495574951172
1753302961.1442,0.009153366088867188,0.005930423736572266
1753302961.588764,0.009724617004394531,0.006056785583496094
1753302962.182008,0.005896568298339844,0.0042569637298583984
1753302962.5788245,0.009663820266723633,0.0057888031005859375
1753302963.0371077,0.008138656616210938,0.004578351974487305
1753302963.4778247,0.009227275848388672,0.005715131759643555
1753302963.9194434,0.00815439224243164,0.0056209564208984375
1753302964.3188138,0.008388042449951172,0.0045168399810791016
1753302964.7652984,0.0065610408782958984,0.004559516906738281
1753302965.2083046,0.008011817932128906,0.004388570785522461
1753302965.6124346,0.0062711238861083984,0.0043332576751708984
1753302966.034496,0.008160114288330078,0.004786252975463867
1753302966.444339,0.006218433380126953,0.0042994022369384766
1753302966.8953733,0.008924484252929688,0.0058672428131103516
1753302967.293281,0.009589433670043945,0.005608558654785156
1753302967.6695287,0.007973194122314453,0.0045092105865478516
1753302970.2730243,0.005335092544555664,0.0029478073120117188
1753302970.5837636,0.006192445755004883,0.003701925277709961
1753302970.995492,0.00571131706237793,0.0030770301818847656
1753302971.3843894,0.005820751190185547,0.00284576416015625
1753302971.794528,0.005717277526855469,0.002678394317626953
1753302972.2452216,0.00598454475402832,0.002999544143676758
1753302972.756312,0.008795499801635742,0.005030393600463867
1753302973.3019497,0.007656097412109375,0.004289388656616211
1753302975.1732306,0.007899999618530273,0.004542350769042969
1753302975.867192,0.00967717170715332,0.005661725997924805
1753302976.3676941,0.008837223052978516,0.005360841751098633
1753302976.882724,0.006020545959472656,0.004498720169067383
1753302977.448003,0.006842136383056641,0.004041433334350586
1753302977.959008,0.007671833038330078,0.004163026809692383
1753302978.4421108,0.008854389190673828,0.005702495574951172
1753302978.9583855,0.006158590316772461,0.0041964054107666016
1753302979.4581156,0.009902238845825195,0.005861520767211914
1753302979.9658298,0.00933837890625,0.005654573440551758
1753302980.446612,0.008078575134277344,0.004636526107788086
1753302980.925722,0.00992131233215332,0.0061991214752197266
1753302981.36647,0.008160591125488281,0.004956245422363281
1753302981.808459,0.007493734359741211,0.005477428436279297
1753302982.2495892,0.008358240127563477,0.004342317581176758
1753302982.6783073,0.008130311965942383,0.005759716033935547
1753302983.1036682,0.007962465286254883,0.0056610107421875
1753302983.5406585,0.008026838302612305,0.005885124206542969
1753302984.6401167,0.007616281509399414,0.004062652587890625
1753302985.2293222,0.005789279937744141,0.0037834644317626953
1753302985.677596,0.00589299201965332,0.0035161972045898438
1753302986.249778,0.0058956146240234375,0.003131866455078125
1753302986.8112934,0.007676124572753906,0.0035703182220458984
1753302987.5575259,0.005814552307128906,0.003904581069946289
1753302988.2948425,0.0057315826416015625,0.002791881561279297
1753302988.998353,0.005738496780395508,0.0027184486389160156
1753302989.6318915,0.0059468746185302734,0.002875089645385742
1753302990.2156236,0.005820512771606445,0.0027129650115966797
1753302990.7746499,0.0059549808502197266,0.0028612613677978516
1753302991.2863169,0.0058135986328125,0.0027725696563720703
1753302991.8018095,0.005807161331176758,0.003135204315185547
1753302992.2894838,0.005894899368286133,0.0028328895568847656
1753302992.758837,0.005720853805541992,0.0026869773864746094
1753302993.2072449,0.005803585052490234,0.002758026123046875
1753302993.6026132,0.0058825016021728516,0.002827167510986328
1753303003.9985166,0.005731821060180664,0.0027272701263427734
1753303004.65288,0.0058019161224365234,0.0027205944061279297
1753303005.161094,0.005680561065673828,0.002897500991821289
1753303005.7079356,0.006105661392211914,0.0029888153076171875
1753303006.1872048,0.005820512771606445,0.0029935836791992188
1753303006.75596,0.0073680877685546875,0.004426479339599609
1753303007.3202033,0.006030559539794922,0.0029754638671875
1753303007.9497664,0.0061724185943603516,0.0026831626892089844
1753303008.6695342,0.005815744400024414,0.002798318862915039
1753303009.3430464,0.005807638168334961,0.002783060073852539
1753303010.0085897,0.005768775939941406,0.002778291702270508
1753303010.6304061,0.0061016082763671875,0.0026798248291015625
1753303011.2377405,0.0059053897857666016,0.0029976367950439453
1753303011.8457615,0.005797863006591797,0.002700328826904297
1753303012.4506078,0.0057795047760009766,0.0027208328247070312
1753303013.054179,0.00572514533996582,0.002876758575439453
1753303013.6187806,0.006009340286254883,0.0030825138092041016
1753303014.143371,0.00536346435546875,0.002702951431274414
1753303014.653191,0.005913972854614258,0.003092050552368164
1753303015.1695035,0.0058498382568359375,0.002892732620239258
1753303015.6769142,0.005844593048095703,0.002795696258544922
1753303016.1675894,0.005801677703857422,0.0029337406158447266
1753303016.6616066,0.005736351013183594,0.0027365684509277344
1753303016.793542,0.00539708137512207,0.0028352737426757812
1753303017.1539896,0.005722999572753906,0.0029931068420410156
1753303017.6637344,0.0058634281158447266,0.002928495407104492
1753303018.22412,0.005719661712646484,0.0027217864990234375
1753303018.8063776,0.005566120147705078,0.0029726028442382812
1753303019.3593547,0.005696773529052734,0.0027327537536621094
1753303019.8825455,0.0057752132415771484,0.00281524658203125
1753303020.4010305,0.007674455642700195,0.0046825408935546875
1753303021.0484705,0.00581049919128418,0.0030164718627929688
1753303021.6816738,0.005828380584716797,0.0028007030487060547
1753303022.3319197,0.005799055099487305,0.002748250961303711
1753303022.9202373,0.006034374237060547,0.003143787384033203
1753303023.4993868,0.00590968132019043,0.0027146339416503906
1753303024.156654,0.005449771881103516,0.002862215042114258
1753303024.739493,0.0058176517486572266,0.0026366710662841797
1753303025.3330064,0.0057506561279296875,0.002754688262939453
1753303073.4003317,0.006550312042236328,0.0038323402404785156
1753303074.231989,0.0057373046875,0.0028319358825683594
1753303075.0212028,0.0058515071868896484,0.0027132034301757812
1753303075.8630514,0.005609989166259766,0.0028002262115478516
1753303076.7137074,0.007616519927978516,0.004477024078369141
1753303077.5043697,0.0055692195892333984,0.0029020309448242188
1753303078.2934206,0.0058307647705078125,0.0027832984924316406
1753303079.0890338,0.005721092224121094,0.002717733383178711
1753303084.2422395,0.005806446075439453,0.0026502609252929688
1753303084.7843125,0.005708456039428711,0.0027871131896972656
1753303085.591344,0.005883693695068359,0.002941131591796875
1753303086.3625937,0.005805492401123047,0.0028104782104492188
1753303087.0799615,0.005803585052490234,0.0028839111328125
1753303087.7834744,0.005880117416381836,0.002806425094604492
1753303088.4111197,0.005780935287475586,0.002698183059692383
1753303088.9873073,0.005899190902709961,0.0027589797973632812
1753303089.535183,0.005626201629638672,0.002809762954711914
1753303090.1149225,0.005911111831665039,0.0028095245361328125
1753303090.6416857,0.005731105804443359,0.0027627944946289062
1753303091.1607385,0.00561833381652832,0.002756834030151367
1753303091.6704707,0.005813121795654297,0.002886533737182617
1753303092.1830645,0.005754232406616211,0.0026311874389648438
1753303092.6811981,0.00595402717590332,0.002947568893432617
1753303093.1656876,0.0059926509857177734,0.00290679931640625
1753303093.6492054,0.00622868537902832,0.0033206939697265625
1753303094.4162173,0.0055103302001953125,0.0027871131896972656
1753303095.1366782,0.005980014801025391,0.0029299259185791016
1753303095.7707934,0.005527496337890625,0.0028209686279296875
1753303096.3872545,0.005188941955566406,0.002905607223510742
1753303097.0426862,0.005804538726806641,0.002787351608276367
1753303097.6474686,0.005986690521240234,0.002905607223510742
1753303098.2466562,0.006045818328857422,0.002971649169921875
1753303098.817505,0.005917072296142578,0.002886056900024414
1753303116.6562772,0.005782604217529297,0.0027611255645751953
1753303117.665437,0.006009578704833984,0.0027985572814941406
1753303118.1869643,0.0057828426361083984,0.0028781890869140625
1753303118.655756,0.005797863006591797,0.0027964115142822266
1753303119.1484978,0.0057525634765625,0.002814054489135742
1753303119.5581512,0.005799055099487305,0.0026755332946777344
1753303119.9610448,0.005509138107299805,0.002719402313232422
1753303120.3690093,0.005759477615356445,0.002700328826904297
1753303120.6461427,0.005713939666748047,0.002712726593017578
1753303121.0471134,0.005772590637207031,0.0030651092529296875
1753303121.481485,0.005761146545410156,0.0028405189514160156
1753303121.8439016,0.005734443664550781,0.002705812454223633
1753303150.5602715,0.005887269973754883,0.002830028533935547
1753303151.0429807,0.005739450454711914,0.002750873565673828
1753303151.4840097,0.005873203277587891,0.0027658939361572266
1753303152.01805,0.0057566165924072266,0.002736330032348633
1753303152.3790855,0.006073713302612305,0.0031468868255615234
1753303152.8369806,0.005912065505981445,0.0031092166900634766
1753303153.3018398,0.0058977603912353516,0.0026712417602539062
1753303153.895139,0.0059354305267333984,0.0027344226837158203
1753303154.6889532,0.005768775939941406,0.0026874542236328125
1753303154.7431753,0.0056226253509521484,0.0029649734497070312
1753303155.7421262,0.0058209896087646484,0.002734661102294922
1753303156.6701443,0.005743741989135742,0.0030024051666259766
1753303157.5114806,0.005808591842651367,0.003003835678100586
1753303158.360539,0.005712985992431641,0.002940654754638672
1753303159.1177695,0.005878448486328125,0.0029146671295166016
1753303159.8446853,0.0058634281158447266,0.0028607845306396484
1753303160.493303,0.005745649337768555,0.002695322036743164
1753303160.6324232,0.005619525909423828,0.0027942657470703125
1753303161.1843824,0.0055217742919921875,0.002828359603881836
1753303161.852074,0.005551576614379883,0.0028285980224609375
1753303162.408461,0.005819082260131836,0.0027604103088378906
1753303162.942692,0.00606536865234375,0.0030472278594970703
1753303167.9891052,0.00579380989074707,0.0026786327362060547
1753303169.5326781,0.005890607833862305,0.0027761459350585938
1753303170.8644428,0.0059168338775634766,0.002789020538330078
1753303172.1353672,0.0056912899017333984,0.0029020309448242188
1753303173.5418017,0.005824089050292969,0.0028727054595947266
1753303174.8755505,0.005769491195678711,0.0029036998748779297
1753303175.7850947,0.006336688995361328,0.002994060516357422
1753303177.370927,0.005794048309326172,0.0027849674224853516
1753303178.2309885,0.006498813629150391,0.003061532974243164
1753303179.1759837,0.005776882171630859,0.002817869186401367
1753303180.0003452,0.0056111812591552734,0.0028603076934814453
1753303180.9161794,0.005477190017700195,0.002742767333984375
1753303181.8025403,0.005913734436035156,0.002743959426879883
1753303182.729984,0.005892515182495117,0.0028209686279296875
1753303183.6919086,0.005762577056884766,0.0027494430541992188
1753303184.7980378,0.005861520767211914,0.0027663707733154297
1753303185.8738759,0.006500959396362305,0.002748250961303711
1753303327.6908433,0.0059814453125,0.0029053688049316406
1753303328.2619493,0.005770683288574219,0.0028705596923828125
1753303329.1279504,0.005725860595703125,0.0030624866485595703
1753303329.7418928,0.005751848220825195,0.0026984214782714844
1753303330.2957745,0.005942106246948242,0.003039836883544922
1753303330.8453827,0.005293130874633789,0.002913236618041992
1753303331.4118114,0.005767107009887695,0.0027511119842529297
1753303331.958934,0.005810976028442383,0.0027446746826171875
1753303332.517594,0.004790067672729492,0.0028319358825683594
1753303333.050341,0.00576472282409668,0.002772808074951172
1753303333.5807424,0.005700826644897461,0.0027108192443847656
1753303334.1168664,0.005739927291870117,0.002720355987548828
1753303334.7961242,0.005666255950927734,0.002734661102294922
1753303335.2919657,0.005831003189086914,0.0026886463165283203
1753303335.7405493,0.005665779113769531,0.0027010440826416016
1753303336.2027824,0.005258798599243164,0.0028409957885742188
1753303336.2480578,0.005934000015258789,0.0029587745666503906
1753303336.6463883,0.0061762332916259766,0.002765655517578125
1753303337.078044,0.005776166915893555,0.002883434295654297
1753303337.4692485,0.005475521087646484,0.002655506134033203
1753303337.8678281,0.0057375431060791016,0.002691507339477539
1753303338.2552862,0.005644559860229492,0.002790212631225586
1753303338.7968595,0.0058438777923583984,0.002679109573364258
1753303339.2170916,0.005787372589111328,0.00275421142578125
1753303339.6326075,0.005814313888549805,0.0027396678924560547
1753303340.0218315,0.005751609802246094,0.0027141571044921875
1753303372.1704636,0.005905628204345703,0.0027654170989990234
1753303372.632354,0.0056002140045166016,0.0026764869689941406
1753303374.0612104,0.00583195686340332,0.0026772022247314453
1753303374.5744355,0.005888700485229492,0.0027070045471191406
1753303375.0668201,0.005679130554199219,0.002666473388671875
1753303375.56865,0.0061168670654296875,0.0030624866485595703
1753303376.0708683,0.005734920501708984,0.0028183460235595703
1753303376.5662699,0.0058705806732177734,0.002651214599609375
1753303377.0337996,0.005731105804443359,0.0026454925537109375
1753303377.7473571,0.005808591842651367,0.002682924270629883
1753303378.4457755,0.006310224533081055,0.002892732620239258
1753303379.0625968,0.00583958625793457,0.0029180049896240234
1753303380.4643612,0.006104707717895508,0.003063201904296875
1753303381.376342,0.0060749053955078125,0.002827882766723633
1753303382.193402,0.006024837493896484,0.0029931068420410156
1753303382.9216785,0.005962848663330078,0.0028886795043945312
1753303383.595493,0.005480051040649414,0.0026755332946777344
1753303384.339906,0.005776166915893555,0.002894878387451172
1753303384.9290109,0.005601644515991211,0.0027022361755371094
1753303385.6103275,0.005593061447143555,0.0027229785919189453
1753303386.1884067,0.0057146549224853516,0.0029561519622802734
1753303386.6535711,0.005822658538818359,0.0026502609252929688
1753303387.0868628,0.005858659744262695,0.0028738975524902344
1753303387.483658,0.005639076232910156,0.0026400089263916016
1753303387.9338727,0.005800485610961914,0.0027434825897216797
1753303388.0085235,0.005489349365234375,0.002686023712158203
1753303388.2911851,0.005735158920288086,0.0028133392333984375
1753303388.3727927,0.005891323089599609,0.002885103225708008
1753303388.39019,0.005650997161865234,0.00292205810546875
1753303388.6608217,0.006028890609741211,0.0029821395874023438
1753303389.0423594,0.005871772766113281,0.0026903152465820312
1753303389.105409,0.005777120590209961,0.0027742385864257812
1753303460.7978656,0.0057599544525146484,0.0027227401733398438
1753303461.5400271,0.0057277679443359375,0.0026617050170898438
1753303462.0939991,0.00584721565246582,0.0030448436737060547
1753303470.0880578,0.005866527557373047,0.002835988998413086
1753303470.5558786,0.005294084548950195,0.0030422210693359375
1753303506.1808355,0.0056803226470947266,0.0031011104583740234
1753303506.7509148,0.005814313888549805,0.0027747154235839844
1753303507.2273679,0.005786895751953125,0.002660512924194336
1753303507.687396,0.005769968032836914,0.0027353763580322266
1753303508.1470182,0.0058345794677734375,0.0027213096618652344
1753303508.5611527,0.005784034729003906,0.0027709007263183594
1753303509.200683,0.005783796310424805,0.0027642250061035156
1753303509.6850057,0.005649089813232422,0.002736330032348633
1753303510.084241,0.0058023929595947266,0.002857208251953125
1753303510.5244062,0.005739927291870117,0.002747774124145508
1753303511.5222108,0.005716085433959961,0.0027008056640625
1753303514.225662,0.00589299201965332,0.0026938915252685547
1753303515.2678828,0.0054361820220947266,0.002732992172241211
1753303516.1857345,0.005837917327880859,0.002804279327392578
1753303516.3284063,0.006170988082885742,0.0028421878814697266
1753303516.9831738,0.005853414535522461,0.002819061279296875
1753303517.6904309,0.005900382995605469,0.002690553665161133
1753303518.4923599,0.0057756900787353516,0.002783536911010742
1753303519.2211263,0.0058176517486572266,0.00274658203125
1753303519.925475,0.005604743957519531,0.002836465835571289
1753303520.4903347,0.005621433258056641,0.002998828887939453
1753303550.8054674,0.0056269168853759766,0.0029354095458984375
1753303551.1366756,0.005739688873291016,0.0027086734771728516
1753303557.253485,0.005778789520263672,0.0026710033416748047
1753303558.1369472,0.005738973617553711,0.002769947052001953
1753303558.9177005,0.005753517150878906,0.002751588821411133
1753303559.6727502,0.005858898162841797,0.002771139144897461
1753303560.4095933,0.005892276763916016,0.002798795700073242
1753303561.1380873,0.006106853485107422,0.0029375553131103516
1753303562.2350829,0.00577545166015625,0.0026671886444091797
1753303563.033412,0.005505561828613281,0.002846240997314453
1753303563.8682687,0.005942344665527344,0.002855062484741211
1753303564.694425,0.005815267562866211,0.0027387142181396484
1753303565.453823,0.005824089050292969,0.002772092819213867
1753303566.1807117,0.00577855110168457,0.0027327537536621094
1753303566.8848476,0.00582122802734375,0.002749204635620117
1753303568.1840632,0.005762577056884766,0.0027112960815429688
1753303569.2201383,0.0057525634765625,0.002753019332885742
1753303570.015796,0.0059392452239990234,0.0029671192169189453
1753303570.41246,0.005790233612060547,0.002686023712158203
1753303570.5046039,0.0077021121978759766,0.0047147274017333984
1753303577.626525,0.006071329116821289,0.003086566925048828
1753303578.6852403,0.006166696548461914,0.0029823780059814453
1753303579.68007,0.0057888031005859375,0.0029630661010742188
1753303580.7040913,0.0058879852294921875,0.0029973983764648438
1753303581.7424357,0.005602598190307617,0.002753734588623047
1753303582.8159213,0.005892038345336914,0.002784252166748047
1753303583.8391333,0.005742549896240234,0.0027875900268554688
1753303584.8810668,0.0061092376708984375,0.003024578094482422
1753303586.063168,0.005855083465576172,0.002682924270629883
1753303587.143244,0.006211996078491211,0.003058910369873047
1753303588.4519596,0.005885124206542969,0.0027306079864501953
1753303590.2607021,0.005747079849243164,0.002655506134033203
1753303591.4303958,0.005759716033935547,0.0027954578399658203
1753303592.5788643,0.005767822265625,0.0026731491088867188
1753303593.523432,0.0058252811431884766,0.0028264522552490234
1753303594.4352481,0.005828380584716797,0.002663135528564453
1753303595.4942794,0.005978584289550781,0.0028939247131347656
1753303596.3870327,0.006095409393310547,0.0029611587524414062
1753303597.1714091,0.005789995193481445,0.0027742385864257812
1753303597.3276286,0.005979061126708984,0.0027763843536376953
1753303597.8143096,0.0057525634765625,0.0027348995208740234
1753303597.9822347,0.005766630172729492,0.002747058868408203
1753303598.3102856,0.0058727264404296875,0.0028259754180908203
1753303598.731968,0.005903482437133789,0.0028607845306396484
1753303611.271562,0.005896329879760742,0.003109455108642578
1753303611.6646085,0.0059070587158203125,0.0030891895294189453
1753303612.0555067,0.005877017974853516,0.0028045177459716797
1753303612.490187,0.006077766418457031,0.0030837059020996094
1753303612.9217932,0.005699872970581055,0.002751588821411133
1753303613.4141507,0.005826473236083984,0.0029304027557373047
1753303614.0012643,0.005695343017578125,0.0026972293853759766
1753303614.558379,0.0059814453125,0.0030357837677001953
1753303615.0812967,0.005646467208862305,0.0028455257415771484
1753303615.6000476,0.005940675735473633,0.0029091835021972656
1753303616.128702,0.005845785140991211,0.003004312515258789
1753303616.653143,0.005823373794555664,0.0026731491088867188
1753303617.184275,0.006641387939453125,0.003163576126098633
1753303617.71822,0.006333827972412109,0.003075838088989258
1753303618.2233965,0.005769014358520508,0.00272369384765625
1753303618.7251406,0.0058290958404541016,0.00264739990234375
1753303619.2497725,0.005847454071044922,0.0026667118072509766
1753303619.7671385,0.005731821060180664,0.0028891563415527344
1753303620.2800791,0.005875587463378906,0.0026934146881103516
1753303620.79549,0.005743980407714844,0.0028693675994873047
1753303642.0744476,0.005866527557373047,0.002712726593017578
1753303643.21569,0.0058934688568115234,0.0029659271240234375
1753303644.1677048,0.005879878997802734,0.0030052661895751953
1753303645.1825206,0.005875349044799805,0.002758026123046875
1753303646.2210011,0.005942821502685547,0.003025054931640625
1753303647.0999513,0.005914926528930664,0.0028009414672851562
1753303648.7277915,0.005689144134521484,0.0028946399688720703
1753303649.704315,0.005769252777099609,0.002649068832397461
1753303650.654505,0.005726814270019531,0.0027055740356445312
1753303651.5076258,0.005690336227416992,0.002950429916381836
1753303652.3629293,0.005220890045166016,0.0029358863830566406
1753303653.209197,0.0058002471923828125,0.002702951431274414
1753303653.9807534,0.00567317008972168,0.0029196739196777344
1753303654.7488754,0.0059356689453125,0.002754688262939453
1753303655.4816432,0.006063699722290039,0.0028045177459716797
1753303656.1956174,0.005709171295166016,0.002735137939453125
1753303656.9259157,0.0057718753814697266,0.002729654312133789
1753303657.5842721,0.005684614181518555,0.00275421142578125
1753303658.2060518,0.005761146545410156,0.002675771713256836
1753303658.7880683,0.0057299137115478516,0.002724885940551758
1753303659.3529649,0.005814075469970703,0.002912282943725586
1753303659.8984737,0.007333040237426758,0.004292011260986328
1753303660.6539752,0.0057942867279052734,0.0027348995208740234
1753303661.3333926,0.005839347839355469,0.002969980239868164
1753303662.012453,0.005771636962890625,0.002734661102294922
1753303662.7147896,0.005723714828491211,0.002810239791870117
1753303663.3937635,0.0059854984283447266,0.0029418468475341797
1753303664.0272002,0.007466554641723633,0.0044155120849609375
1753303664.1436226,0.005787849426269531,0.0027642250061035156
1753303664.6738884,0.005812406539916992,0.0026483535766601562
1753303665.364618,0.005819559097290039,0.0027246475219726562
1753303666.015855,0.006255626678466797,0.003055095672607422
1753303666.7898207,0.0058536529541015625,0.002736806869506836
1753303667.4806514,0.005631446838378906,0.002666950225830078
1753303668.2481096,0.005672931671142578,0.002753734588623047
1753303669.0965724,0.0057964324951171875,0.0027158260345458984
1753303670.2373886,0.005861043930053711,0.0026519298553466797
1753303671.1323879,0.005686521530151367,0.002651691436767578
1753303671.9224637,0.0055005550384521484,0.002676725387573242
1753303672.7160017,0.00570988655090332,0.0027136802673339844
1753303673.4886596,0.0058324337005615234,0.0027313232421875
1753303674.2309208,0.005697965621948242,0.002742767333984375
1753303674.8299818,0.005898714065551758,0.00290679931640625
1753303675.474971,0.005941629409790039,0.0029497146606445312
1753303676.0510614,0.005667209625244141,0.0026924610137939453
1753303701.9345672,0.0058858394622802734,0.0028166770935058594
1753303703.1080852,0.00615692138671875,0.002996683120727539
1753303704.0889647,0.006240367889404297,0.0031189918518066406
1753303707.047321,0.005706310272216797,0.002671480178833008
1753303708.078329,0.006006479263305664,0.0030510425567626953
1753303709.0336509,0.006140470504760742,0.002822399139404297
1753303709.9593916,0.005776166915893555,0.002901792526245117
1753303710.8714647,0.005708932876586914,0.0029211044311523438
1753303711.8056912,0.005766391754150391,0.0027022361755371094
1753303711.9035778,0.006539106369018555,0.003068685531616211
1753303712.685874,0.005731344223022461,0.002911090850830078
1753303713.524987,0.005580425262451172,0.002721548080444336
1753303714.3073962,0.0058629512786865234,0.0028192996978759766
1753303714.3190122,0.00722050666809082,0.004407167434692383
1753303715.2098615,0.005829811096191406,0.002737760543823242
1753303715.227593,0.005296468734741211,0.002821207046508789
1753303716.144465,0.00596308708190918,0.0029664039611816406
1753303717.3258767,0.005805253982543945,0.002870798110961914
1753303717.3373787,0.0067462921142578125,0.0038635730743408203
1753303718.6056154,0.0056650638580322266,0.00266265869140625
1753303719.83238,0.005793094635009766,0.0026786327362060547
1753303719.890088,0.005808353424072266,0.003209829330444336
1753303720.9599762,0.005785703659057617,0.0027158260345458984
1753303722.0597172,0.00563359260559082,0.0029561519622802734
1753303723.1483297,0.005753755569458008,0.0026814937591552734
1753303723.171802,0.005255937576293945,0.0027697086334228516
1753303726.3346734,0.005736589431762695,0.0027136802673339844
1753303727.7642338,0.005848884582519531,0.0029175281524658203
1753303728.9466047,0.00584101676940918,0.0027718544006347656
1753303729.0217865,0.005669116973876953,0.002965211868286133
1753303730.0119195,0.0056304931640625,0.002821207046508789
1753303731.280144,0.005596160888671875,0.0027091503143310547
1753303731.2915492,0.006239652633666992,0.003288745880126953
1753303732.323505,0.005901336669921875,0.0026950836181640625
1753303733.3672926,0.006137371063232422,0.0029778480529785156
1753303734.4626064,0.005882978439331055,0.0028409957885742188
1753303735.6204705,0.00580286979675293,0.002695322036743164
1753303736.8071887,0.005738258361816406,0.002625703811645508
1753303737.9773688,0.006585836410522461,0.0035445690155029297
1753303739.0612042,0.0055429935455322266,0.0027403831481933594
1753303740.2072003,0.00579524040222168,0.002740144729614258
1753303741.3088253,0.005637407302856445,0.002827167510986328
1753303743.9418023,0.006014585494995117,0.0030755996704101562
1753303744.929967,0.005909442901611328,0.002978801727294922
1753303745.7787797,0.005898475646972656,0.0028519630432128906
1753303746.4461381,0.005871772766113281,0.0027887821197509766
1753303747.0572252,0.005934000015258789,0.00299072265625
1753303747.5566053,0.00575566291809082,0.002692699432373047
1753303748.0075877,0.0057353973388671875,0.0029754638671875
1753303767.9085116,0.00628662109375,0.0027883052825927734
1753303768.8242843,0.005813121795654297,0.0027282238006591797
1753303769.9620304,0.0057981014251708984,0.00290679931640625
1753303771.1371598,0.0060155391693115234,0.0029196739196777344
1753303772.2298431,0.005941152572631836,0.0027163028717041016
1753303773.3536499,0.00588226318359375,0.002718210220336914
1753303773.4907355,0.005037546157836914,0.0030918121337890625
1753303774.294583,0.005835771560668945,0.0030105113983154297
1753303779.399948,0.0075531005859375,0.0044765472412109375
1753303780.2953877,0.006175994873046875,0.003060579299926758
1753303781.3959756,0.005811452865600586,0.003036975860595703
1753303782.3763285,0.0058956146240234375,0.0028078556060791016
1753303783.2691782,0.005818605422973633,0.0026693344116210938
1753303784.1590471,0.005719423294067383,0.002833127975463867
1753303785.1828516,0.0057866573333740234,0.0026671886444091797
1753303786.289639,0.005795717239379883,0.0027892589569091797
1753303787.3657897,0.005731344223022461,0.0028514862060546875
1753303788.4321806,0.005897045135498047,0.002795696258544922
1753303788.543101,0.005668163299560547,0.002906322479248047
1753303789.4665394,0.005753517150878906,0.0030090808868408203
1753303790.4163861,0.0057299137115478516,0.0026671886444091797
1753303791.446606,0.005897045135498047,0.0027496814727783203
1753303792.458689,0.005593061447143555,0.0029287338256835938
1753303793.4691868,0.005659818649291992,0.002719879150390625
1753303794.4607332,0.00626373291015625,0.0026776790618896484
1753303795.468628,0.006129026412963867,0.003027677536010742
1753303796.4244545,0.005734443664550781,0.0026595592498779297
1753303796.4360528,0.00618743896484375,0.003226757049560547
1753303797.4510016,0.005841970443725586,0.002787351608276367
1753303798.3900797,0.005891084671020508,0.002789020538330078
1753303799.3785412,0.005827903747558594,0.002855539321899414
1753303800.3492162,0.005779266357421875,0.002782583236694336
1753303800.46592,0.005858659744262695,0.002801656723022461
1753303801.3258915,0.0058748722076416016,0.002744436264038086
1753303802.2265308,0.005755186080932617,0.00266265869140625
1753303803.119317,0.005826473236083984,0.0026688575744628906
1753303803.9684212,0.006067752838134766,0.002971649169921875
1753303804.8045833,0.005756855010986328,0.0027151107788085938
1753303805.6747162,0.0057184696197509766,0.0028073787689208984
1753303806.5269816,0.005730867385864258,0.0026755332946777344
1753303807.3417296,0.005748271942138672,0.0027391910552978516
1753303808.2459908,0.005863189697265625,0.0027577877044677734
1753303809.1045299,0.00590968132019043,0.002694368362426758
1753303946.2817876,0.00577998161315918,0.0028028488159179688
1753303946.6837568,0.005930423736572266,0.0027604103088378906
1753303947.0964859,0.0054776668548583984,0.0029020309448242188
1753303947.424057,0.00635981559753418,0.0027534961700439453
1753303973.0402446,0.006051540374755859,0.0031480789184570312
1753303974.0077589,0.0058345794677734375,0.002738475799560547
1753303974.9938726,0.0059814453125,0.0030090808868408203
1753303975.8790014,0.005850553512573242,0.002763986587524414
1753303976.8730452,0.005872964859008789,0.002772092819213867
1753303977.8580308,0.005824565887451172,0.0027692317962646484
1753303978.7929568,0.005514621734619141,0.0027761459350585938
1753303979.8246138,0.005766153335571289,0.002660512924194336
1753303980.8033805,0.005799770355224609,0.002682209014892578
1753303981.8681507,0.006352424621582031,0.0028684139251708984
1753303982.8013449,0.005718231201171875,0.0028412342071533203
1753303983.8586416,0.005924224853515625,0.003064393997192383
1753303984.8482203,0.005799293518066406,0.0027093887329101562
1753303985.7609031,0.0056917667388916016,0.0028138160705566406
1753303986.7181058,0.005578041076660156,0.002619028091430664
1753303987.6625037,0.005847930908203125,0.002752065658569336
1753303988.589808,0.005666017532348633,0.0027048587799072266
1753303989.4616659,0.005972862243652344,0.0028192996978759766
1753303990.4175365,0.0057566165924072266,0.0026702880859375
1753303991.3429947,0.005682706832885742,0.002740621566772461
1753303991.3887267,0.00615692138671875,0.003108978271484375
1753303991.4002292,0.006841897964477539,0.003869771957397461
1753303992.323523,0.0058689117431640625,0.002763032913208008
1753303993.216966,0.005735874176025391,0.0027723312377929688
1753303994.1329029,0.0059320926666259766,0.0030815601348876953
1753303994.996572,0.005841493606567383,0.002757549285888672
1753303995.9034977,0.0058176517486572266,0.0030145645141601562
1753303996.7351968,0.0053446292877197266,0.0027570724487304688
1753303997.622383,0.0053806304931640625,0.002763986587524414
1753303998.3417976,0.005735635757446289,0.0028443336486816406
1753303999.1462698,0.006087064743041992,0.002950429916381836
1753304000.0742612,0.005820035934448242,0.002913951873779297
1753304000.9799967,0.005892515182495117,0.0029494762420654297
1753304001.912687,0.006002902984619141,0.002774953842163086
1753304002.9225967,0.0057561397552490234,0.002736330032348633
1753304003.836047,0.005827188491821289,0.002746105194091797
1753304004.763393,0.00570988655090332,0.00275421142578125
1753304005.618074,0.0058557987213134766,0.0028314590454101562
1753304006.419571,0.005786895751953125,0.0028998851776123047
1753304007.2534225,0.005487918853759766,0.002698659896850586
1753304008.0892704,0.006096839904785156,0.0030677318572998047
1753304008.8749285,0.005833625793457031,0.0027763843536376953
1753304009.6361816,0.0057446956634521484,0.0027189254760742188
1753304010.3104043,0.005975246429443359,0.003043651580810547
1753304328.2047138,0.0055027008056640625,0.0029671192169189453
1753304328.6166654,0.0058095455169677734,0.002814769744873047
1753304329.0167391,0.005799531936645508,0.002751588821411133
1753304329.4096625,0.006516218185424805,0.0032126903533935547
1753304330.8444295,0.006375551223754883,0.0031354427337646484
1753304331.1617267,0.0058553218841552734,0.0028569698333740234
1753304331.4551458,0.005792856216430664,0.0028328895568847656
1753304331.7266805,0.005853176116943359,0.003059864044189453
1753304332.8341808,0.0068111419677734375,0.0030465126037597656
1753304333.5613163,0.005814552307128906,0.002643585205078125
1753304333.5844865,0.006285905838012695,0.0033855438232421875
1753304333.6439202,0.00540614128112793,0.002783060073852539
1753304333.70085,0.006070137023925781,0.003108501434326172
1753304333.7242255,0.005478382110595703,0.00304412841796875
1753304333.843987,0.005869865417480469,0.0029993057250976562
1753304333.8616416,0.0054454803466796875,0.003052234649658203
1753304333.9184253,0.0061664581298828125,0.003293275833129883
1753304335.3245704,0.005721330642700195,0.0028846263885498047
1753304335.3760026,0.005821704864501953,0.002851247787475586
1753304335.7117062,0.005837678909301758,0.0027480125427246094
1753304335.7747717,0.006296396255493164,0.003347635269165039
1753304335.81493,0.00565791130065918,0.002806425094604492
1753304335.8438935,0.0054972171783447266,0.002975940704345703
1753304335.9024057,0.006261110305786133,0.003149271011352539
1753304336.121773,0.005945920944213867,0.0027518272399902344
1753304337.7461946,0.006081104278564453,0.0030739307403564453
1753304410.3593106,0.006199836730957031,0.0027740001678466797
1753304410.4062755,0.00557708740234375,0.002930164337158203
1753304413.7443533,0.005850553512573242,0.002763032913208008
1753304413.7768397,0.005803108215332031,0.0027925968170166016
1753304413.876144,0.005847930908203125,0.003001689910888672
1753304414.1659265,0.005833148956298828,0.0027222633361816406
1753304414.240293,0.005767107009887695,0.0026733875274658203
1753304414.275074,0.005388736724853516,0.0027256011962890625
1753304414.286443,0.006188392639160156,0.0034241676330566406
1753304414.303821,0.005746126174926758,0.003138303756713867
1753304414.3379865,0.0058858394622802734,0.0031731128692626953
1753304414.366762,0.005731105804443359,0.0031321048736572266
1753304414.389307,0.006296396255493164,0.0033397674560546875
1753304416.1128247,0.005651712417602539,0.0030221939086914062
1753304416.4559448,0.00577998161315918,0.0027496814727783203
1753304428.612845,0.005930662155151367,0.0027146339416503906
1753304428.9758034,0.00588679313659668,0.0028705596923828125
1753304429.2715385,0.005706071853637695,0.002733469009399414
1753304443.3325312,0.005736589431762695,0.0026650428771972656
1753304444.185374,0.005903720855712891,0.0027785301208496094
1753304445.0043957,0.005898475646972656,0.002894878387451172
1753304445.0563595,0.005444526672363281,0.00298309326171875
1753304445.0788774,0.006650447845458984,0.003813028335571289
1753304445.61864,0.0060100555419921875,0.0029115676879882812
1753304445.6986654,0.006278276443481445,0.003418445587158203
1753304446.194574,0.005692005157470703,0.0027375221252441406
1753304446.2869453,0.004950284957885742,0.0027923583984375
1753304446.799278,0.005914211273193359,0.0028209686279296875
1753304447.3812065,0.005775928497314453,0.0027475357055664062
1753304447.9214013,0.0055713653564453125,0.0028073787689208984
1753304450.0086775,0.0057947635650634766,0.0029921531677246094
1753304450.4206443,0.005833625793457031,0.0029077529907226562
1753304450.8287911,0.0058858394622802734,0.0027964115142822266
1753304450.908929,0.0057375431060791016,0.0026738643646240234
1753304451.3596675,0.005955696105957031,0.002914905548095703
1753304451.771368,0.0057430267333984375,0.0027320384979248047
1753304452.2025855,0.005645751953125,0.002640962600708008
1753304479.3752668,0.005827188491821289,0.0027322769165039062
1753304479.486271,0.005774259567260742,0.0027856826782226562
1753304479.4976356,0.006964921951293945,0.0034041404724121094
1753304480.9053593,0.007177114486694336,0.003943920135498047
1753304480.955846,0.005589485168457031,0.003198862075805664
1753304481.3830824,0.006754159927368164,0.0032901763916015625
1753304481.3973696,0.004400968551635742,0.002775907516479492
1753304481.413724,0.0054814815521240234,0.0031080245971679688
1753304518.568147,0.00617527961730957,0.002969026565551758
1753304518.6718094,0.0061833858489990234,0.0032181739807128906
1753304519.1729074,0.005792140960693359,0.002664327621459961
1753304519.2027123,0.007665157318115234,0.003385782241821289
1753304519.6861172,0.0057871341705322266,0.002634763717651367
1753304519.7266037,0.005831480026245117,0.0031180381774902344
1753304520.1824927,0.0061147212982177734,0.0029006004333496094
1753304520.2286506,0.005415439605712891,0.0029463768005371094
1753304520.239999,0.005866527557373047,0.0033388137817382812
1753304520.2571676,0.0054509639739990234,0.0028412342071533203
1753304520.680909,0.005671977996826172,0.002929210662841797
1753304520.706574,0.004952907562255859,0.003030061721801758
1753304521.1515014,0.005788087844848633,0.0027136802673339844
1753304521.169216,0.005697727203369141,0.0031685829162597656
1753304521.208888,0.006301403045654297,0.003366708755493164
1753304521.63042,0.005707979202270508,0.002648591995239258
1753304521.6418874,0.0067234039306640625,0.0034716129302978516
1753304522.0921547,0.005978822708129883,0.0028100013732910156
1753304522.1062112,0.005766868591308594,0.0034368038177490234
1753304522.1230607,0.005721569061279297,0.0030939579010009766
1753304522.1570833,0.006165981292724609,0.003215312957763672
1753304522.5537627,0.005763053894042969,0.002654552459716797
1753304522.594372,0.006667137145996094,0.003165721893310547
1753304522.9810808,0.0058481693267822266,0.0026803016662597656
1753304523.4263253,0.005782127380371094,0.002858877182006836
1753304523.475983,0.0065228939056396484,0.003075838088989258
1753304523.4951465,0.006457805633544922,0.0032525062561035156
1753304523.8645632,0.00591588020324707,0.0028371810913085938
1753304523.9529958,0.0065059661865234375,0.003170490264892578
1753304524.2824724,0.005731344223022461,0.0027687549591064453
1753304524.7251465,0.005802154541015625,0.00275421142578125
1753304525.123806,0.005701541900634766,0.0026612281799316406
1753304525.5289001,0.00648951530456543,0.003082275390625
1753304525.981192,0.005617380142211914,0.0028324127197265625
1753304526.4005647,0.005649566650390625,0.0029213428497314453
1753304526.8106456,0.005541086196899414,0.002705812454223633
1753304526.8637934,0.0059206485748291016,0.002811431884765625
1753304526.875383,0.0057718753814697266,0.0028769969940185547
1753304527.2052274,0.005949735641479492,0.002736330032348633
1753304527.2856283,0.0056917667388916016,0.0026645660400390625
1753304527.6575305,0.005803823471069336,0.002719402313232422
1753304528.1078122,0.005690813064575195,0.002656221389770508
1753304528.7469854,0.005734682083129883,0.0027344226837158203
1753304529.414675,0.005841255187988281,0.0027022361755371094
1753304529.461217,0.006227254867553711,0.003404378890991211
1753304530.140322,0.005883932113647461,0.002901315689086914
1753304530.1864655,0.005167484283447266,0.0030024051666259766
1753304530.2148001,0.00540614128112793,0.0029535293579101562
1753304530.8761911,0.00587916374206543,0.002809762954711914
1753304531.454238,0.005860328674316406,0.0027039051055908203
1753304532.164036,0.00591731071472168,0.0028076171875
1753304532.780526,0.005549430847167969,0.0027070045471191406
1753304532.8152843,0.005472421646118164,0.002994060516357422
1753304533.3951585,0.005667686462402344,0.002691984176635742
1753304533.4179435,0.006818294525146484,0.0031692981719970703
1753304533.4311826,0.0056629180908203125,0.002836465835571289
1753304533.443106,0.0061337947845458984,0.003668069839477539
1753304534.0017915,0.0058133602142333984,0.002734661102294922
1753304534.047759,0.0059473514556884766,0.0029692649841308594
1753304534.5375283,0.006094694137573242,0.0029914379119873047
1753304535.0545514,0.0058023929595947266,0.0027000904083251953
1753304535.602165,0.005869865417480469,0.0028052330017089844
1753304536.1215856,0.005772113800048828,0.002748727798461914
1753304536.1562808,0.005486249923706055,0.003147125244140625
1753304536.1675787,0.005778789520263672,0.0030260086059570312
1753304536.184514,0.006131649017333984,0.003130674362182617
1753304536.6674066,0.005190849304199219,0.0027654170989990234
1753304537.173763,0.0063724517822265625,0.002729654312133789
1753304537.731741,0.005499601364135742,0.0027675628662109375
1753304538.2274585,0.0058269500732421875,0.002702951431274414
1753304538.7314932,0.005493640899658203,0.0027501583099365234
1753304539.2387066,0.0075757503509521484,0.004499197006225586
1753304539.7462628,0.005785226821899414,0.0027179718017578125
1753304540.2694213,0.005845785140991211,0.002800464630126953
1753304540.7210534,0.00590062141418457,0.002727508544921875
1753304541.1854072,0.00574040412902832,0.0028409957885742188
1753304541.646718,0.0057964324951171875,0.00293731689453125
1753304542.1234004,0.005900859832763672,0.002732515335083008
1753304542.5628033,0.005721092224121094,0.0027322769165039062
1753304542.9878597,0.005915641784667969,0.0028960704803466797
1753304543.3560858,0.005746364593505859,0.0027344226837158203
1753304544.5030553,0.0068416595458984375,0.003118753433227539
1753304544.5964708,0.005467891693115234,0.0027294158935546875
1753304544.7506926,0.0059010982513427734,0.002789020538330078
1753304547.0459406,0.0057294368743896484,0.0026769638061523438
1753304547.8874018,0.005709648132324219,0.0027022361755371094
1753304548.5899458,0.005715370178222656,0.0027360916137695312
1753304549.1885593,0.005891323089599609,0.0027790069580078125
1753304549.7745237,0.005863189697265625,0.0029289722442626953
1753304550.3637967,0.0057811737060546875,0.0026688575744628906
1753304550.8542602,0.005771636962890625,0.002742290496826172
1753304551.377183,0.0056841373443603516,0.0028219223022460938
1753304551.846206,0.005982875823974609,0.0027811527252197266
1753304552.25719,0.005812168121337891,0.0030014514923095703
1753306552.4351468,0.005025148391723633,0.0028028488159179688
1753306558.6852174,0.0057713985443115234,0.002796649932861328
1753306559.0693104,0.005858898162841797,0.003326416015625
1753306559.6125712,0.0064318180084228516,0.0035736560821533203
1753306560.148048,0.006170034408569336,0.0030639171600341797
1753306560.1787436,0.007215023040771484,0.0038557052612304688
1753306560.192494,0.00601959228515625,0.0034570693969726562
1753306560.209887,0.0066339969635009766,0.0038034915924072266
1753306560.231065,0.005574703216552734,0.0034482479095458984
1753306560.2766044,0.005478382110595703,0.0028972625732421875
1753306561.1324427,0.005879878997802734,0.0026748180389404297
1753306561.4840727,0.006035566329956055,0.0030117034912109375
1753306561.7888873,0.0058078765869140625,0.0027086734771728516
1753306562.088372,0.00597691535949707,0.002840757369995117
1753306562.3524036,0.005735635757446289,0.002928495407104492
1753306562.7608745,0.005729198455810547,0.0030400753021240234
1753306562.979771,0.0056247711181640625,0.002866506576538086
1753306563.2389855,0.00589752197265625,0.0027625560760498047
